timestamp,duration,initial_mode,end_line_reason,bias,first_6_outcomes,profit,all_outcomes_first_shoe,all_outcomes_second_shoe
20250224_081751,23,PPP,"decent profit with many bad streaks (150+, 3 streaks)",,BBPBPB,153.75,BBPBPBBBPPTPBBBPPPPBTBBPPPTPBBBBBTTPBBBBPPBTPBTBBBBB,
20250224_082609,7,PPP,"contradicting bias (PPP mode, 61.9% player wins)",B,PBBBBB,180.0,PBBBBBBPTPPPPPBPPPTPPBPPBBBBB,
20250224_084003,13,PPP,"only 1 cube value left, higher than 100 and in profit",B,PBPBBB,421.25,PBPBBBPPBPPTBPPTBBBPBPPBBBPPBBTBPPBBBPBBB,
20250224_090928,28,BBB,few cubes with bad streaks (2+ streaks),,PPPBPB,220.0,PPPBPBBTBPTBPPPBPBTBTBPBBPBTPBPBPBPPBPBBTPPBPBBPBPBPTPPBBTBPPTBPTBPBPPPP,
20250224_092118,11,PPP,"only 1 cube value left, higher than 100 and in profit",,BBPBBB,477.5,BBPTBBBPBPPPBBBPBBBBPBPBPBBBPPBBBBTBB,
20250224_094318,21,PPP,few cubes with bad streaks (2+ streaks),B,PBBBBP,146.25,PBBBBPBTPBPPPBBBBBPBBPTPBBBPPTTBPTPBPTPPPPPBPBPPBPPBBP,
20250224_101019,26,PPP,max drawdown reached (-4000),,PBPBBB,-4130.0,PBPBBBBBBPPPPBBBBBBPPBPBTPPBPTPPBBTPBBPPPBPBPBPBPBPPPPPBPBBPPP,
20250224_103431,20,BBB,few cubes with bad streaks (2+ streaks),,PPBPBP,315.0,PPBPBPPBPPBPPTBBBBPPBPBPPPBPBPTPPBBTPPPTBPBBBBP,
20250224_105717,14,PPP,few cubes with bad streaks (2+ streaks),B,BBBBPB,335.0,BBBBPBBBBPPPPBPPBTBBPTPPBTPBPPTBBBBBPB,
20250224_110619,7,BBB,"only 1 cube value left, higher than 100 and in profit",,PPPPPB,525.0,PPPPPBBPPBTPPBPPPPPPPPBPP,
20250224_112406,15,BBB,"decent profit with many bad streaks (150+, 3 streaks)",P,BPBPPP,208.75,BPBPTPPTBTTBBBPPPBBBPBPPBPTBPPPPTPBPBBBBPB,
20250224_114145,17,BBB,few cubes with bad streaks (2+ streaks),,PPPBBP,266.25,PPPBBPBPBPPPPBPPPTPTBBBPPPBBPPPBBPBPBBBBBBBBPB,
20250224_121625,31,PPP,max drawdown reached (-4000),,BBBPPB,-4135.0,BBBPPBBPPPBBBPBBTBPPBBBBPTPBPBBPPBPPTPBPBPPPBPPBBPPTPBBBBBPBPBPPPBPB,
20250224_142929,26,BBB,few cubes with bad streaks (2+ streaks),,PPBPPP,-243.75,PPBPPPPBBPPPBBPBPPBTBPPPPBPPBBBBTPBBBBBBBTBPTPPPPBBBPPBBPPPB,
20250224_143330,2,BBB,first 5 games all wins,,BPPPPB,250.0,BPPPPBPBPPPPP,
20250224_145301,18,BBB,"decent profit with many bad streaks (150+, 3 streaks)",,BPPPPP,153.75,BPPPPPPPTBBBBPTTTBBPBPBPBPBPTPPTBPTPBBBPPBBPPBBBBTB,
20250224_153139,37,BBB,"only 1 cube value left, higher than 100 and in profit",,PPPPBP,166.25,PTPPPBPBPBPPBPBTBBPPPBPBPTBTPPBBBPTPPPPBBPBTPBPBPPPBPBPBBPBBBBBPBPPTBBP,PBTBBBPPPBPBBTPPBPPBP
20250224_155441,22,BBB,few cubes with bad streaks (2+ streaks),,BBPPPP,220.0,BBPPPPBPBTPPPTTBPPBBPPBTPPBBTBPBPTPBPBPPBPBBBBPBBBPBP,
20250224_161341,13,PPP,few cubes with bad streaks (2+ streaks),,BBPBBB,303.75,BTBPBBBPTPBPBPBBBBPPBPBBBBBPBTBPPPPBBPPP,
20250224_162917,14,BBB,"decent profit with many bad streaks (150+, 3 streaks)",,BPPPBP,195.0,BPPPBPPBBBPPBPBPBPBPBBBBPBBBPPPBBBBBBPBP,
20250224_165140,19,BBB,few cubes with bad streaks (2+ streaks),,PPPBPB,392.5,PPPBPBPPBBBPBPTBBPPPTBPBBPPBPBBTBPPPTBPBBPBPPBPPPBPPP,
20250224_171009,18,PPP,"only 1 cube value left, lower than 20",,PBBBBP,362.5,PBBBBPPPPPBBBBBBBPTBPTTTPBBPBPBBBBTPBPPBBPPBPTB,
20250224_174439,34,PPP,max drawdown reached (-4000),,PBPBBB,-4766.25,PBPBBBPBPBBPTBBBPTBBPBPTBPPPBBPPPBBBTPPBBPPPBPBPBPBBPPBPPBBBPPBPPBBP,PBPPPPPBPPPB
20250323_190742,13,BBB,few cubes with bad streaks (2+ streaks),,BBPPPP,863.75,BBPPPPBBPPPPPPPBPBBBPBPBPBPPPPPPPBPPBBBTPB,
20250323_203354,18,BBB,few cubes with bad streaks (2+ streaks),,PPBPBP,302.0,PPBTPBPTPBBPPPBBBBPTPTBPBPBPBBBBPTBPBPBPPPPBPTPPB,
20250323_211228,28,PPP,few cubes with bad streaks (2+ streaks),,PBBBBB,-113.5,PBBBBBBBPBPPTPPPPPPBBTBBPPPPBBPPPPPBPPBPBPBPTPBBTPPPPPPPBBBPPBBPPBTBBB,
20250323_213035,14,PPP,few cubes with bad streaks (2+ streaks),,BBBBBP,292.0,TBBBBBPBPBBBPBBPPTBPTBPBBBBPPPBPPBBPBBBPPPPB,
20250323_215535,24,PPP,few cubes with bad streaks (2+ streaks),B,BBPBPB,223.0,BBPBPBPPBBPPBPPBPPBBBBPBPBBBBPPPTBTBBBPBPPPPB,
20250323_221352,18,PPP,few cubes with bad streaks (2+ streaks),,BBBPPB,286.5,BBBPPBBBPBPPPTBBPBTBBBBBBPBPPTPPBBPBPBPPBBBBBB,
20250323_224523,31,BBB,Shoe finished,,PBPPPP,-850.5,PBTPPPPBBTBPPPBPBBBBBBTBBTBPPPTBBBBBTBPBTBBBBPBBTBBBTPTPPPBPBTBBBPP,
20250323_230521,19,BBB,"decent profit with many bad streaks (150+, 3 streaks)",,PBBPPP,173.5,PBBTPPPPBPPPTPBPTTPBBPPBBBBBBPTBTBBBBBPBBPPPPBBBB,
20250324_124539,21,BBB,"decent profit with many bad streaks (150+, 3 streaks)",P,PBPPPP,153.0,PBPPPPPPBBPPBBPBPBBBBPBPTBPBBBPPPPPBPPBBBPBBPPPBTBPP,
20250324_130728,13,BBB,"decent profit with many bad streaks (150+, 3 streaks)",,PPPBBP,216.0,PPPBBPBPPTPPBBPBBBPPBPBPBBBPBBBBPBPB,
20250324_134635,27,PPP,few cubes with bad streaks (2+ streaks),,BPBBBB,-190.0,BPBBBBBBPBPTPTBBTBTBPBBTPPBPPPPPBPPBPPBTPTBPBBBBPBPPPTPBPTBBBTB,
20250324_135111,4,BBB,"contradicting bias (BBB mode, 60.0% banker wins)",,PPPPBB,225.5,PPPPBBBBBBPBPTBPP,
20250324_143742,22,BBB,"only 1 cube value left, higher than 100 and in profit",,PPBPPP,429.5,PPBPPPTPBBBTBBBPPPBBTBTPPPBTPPPBBPBPTPBBPPPTBPTPPBPBPP,
20250324_145333,12,PPP,"only 1 cube value left, higher than 100 and in profit",B,BBPBBB,391.5,BBPBBBBPPBBTBPBTPBPBBPBBBBBBTPBTB,
20250324_151027,16,PPP,"only 1 cube value left, lower than 20",,BPBBBP,356.5,BPBBTBPPBPBBBTBPBPBPPBBPPPPBPBBPBTPPBBPPBBPB,
20250324_155658,11,PPP,"contradicting bias (PPP mode, 63.2% player wins)",B,BPBPBB,153.0,BTPBPBBPPTTBPBBPBBPPPPBPPPTBTP,
20250324_160123,3,BBB,"only 1 cube value left, lower than 20",,PBPPPB,17.5,TPBPPPBBTBPBBPP,
20250324_163817,14,PPP,"only 1 cube value left, higher than 100 and in profit",,PBBBBB,390.0,PBBBBBPPBPBTPPBPBBBBBPBPBPBBTBTPBPPBPBBB,
20250324_170043,21,PPP,"only 1 cube value left, higher than 100 and in profit",B,BBBPBP,339.5,BBBPBPBPBPTPBBPBBPPTBBPBBBTPBBPPPPPPPBPTBBBTPPTBBBPBB,
20250324_171947,18,BBB,few cubes with bad streaks (2+ streaks),,PPBPBP,313.0,PPBPBPPPBPPBPPPPBBPTBBPPBTPBPBPBBBPPPBBBBPTPBBPPP,
20250324_174012,18,PPP,"only 1 cube value left, lower than 20",B,PBPBBB,348.0,PBPBBBBBPBBBTPPPPPBBTBBPBPBPBPBBPBPPBPTTBBBPBBPBPB,
20250324_180844,28,BBB,Shoe finished,P,PBPPPP,-1756.5,PBPPPPPBPBPBPPBPBBBPTPBPBBPTPBBPBPPBBBPTPPPPTTBBBPBBPBBPBBBBBPPTBBPTBPP,
20250324_183136,21,PPP,few cubes with bad streaks (2+ streaks),,BBBPBP,178.0,BTBBPBPPBBPBBBBPPBTPBPBTTPPPBPTPPPBTPBTPBBPBBPBPPBB,
20250324_185505,22,BBB,few cubes with bad streaks (2+ streaks),,PPBPBP,372.0,PTPBPBPTBBPBPBBTPPBPBPPPBPBPBBBTPPTTBPPPBBBPPBBPPBPBPPP,
20250324_190944,11,BBB,"contradicting bias (BBB mode, 68.0% banker wins)",,BPPPBP,162.0,BPPPBPTBPPBPBPBBPBPPTBBBBPBBBBBBB,
20250324_194452,23,PPP,"only 1 cube value left, higher than 100 and in profit",,BBPBBB,323.5,BBPBBBPPBPTPPBBBBPBPPBPBPPBBPPBPTTBPPTBPPBBTBTBBBPBBPBPBB,
20250324_200601,20,BBB,"decent profit with many bad streaks (150+, 3 streaks)",,PPPBPP,222.0,PPPBPPBBBBBBBPTBBPPPBBPPBBBPBBPBBBBBBTBBBPPTBBPPBBBBTBPB,
20250324_201618,9,PPP,"only 1 cube value left, higher than 100 and in profit",,BBBBPP,416.0,BBBBPPBBBBPBPPBPBTBPBBBBBBBB,
20250324_203906,21,BBB,few cubes with bad streaks (2+ streaks),,PBPPPB,187.0,PBPPPBBPBBPPTPBBPPPBPBBPPBBBPPPPBBPPBBBTBPPBBBBPBTBTPP,
20250324_205322,13,BBB,few cubes with bad streaks (2+ streaks),,BBPPPP,352.0,TBBPPPPPPTPPBBPPPBBPBBPPPBBPPPBBBBBBPBBB,
20250324_210754,13,PPP,"only 1 cube value left, higher than 100 and in profit",,PBBBBP,398.5,PBBBBPBBPPPBBPTBBBBTTBBBPBBBPPBBBB,
20250324_213303,23,BBB,"decent profit with many bad streaks (150+, 3 streaks)",,PBPPBP,191.0,PTBPPBPBBBTPPBBBPTPBPPTTBBPPPBPTPBBBBBPPPPBBPTBPPBTBPPPPPP,
20250324_214219,8,BBB,"only 1 cube value left, higher than 100 and in profit",,PPPBBP,440.0,PPTPBBPTBPBPPBPPPPPPBPBBPPPP,
20250324_215703,12,PPP,"contradicting bias (PPP mode, 69.6% player wins)",,PPBBBB,192.5,PPBBTBBPBPTPBBBPTPPPPPPPPPPPBBBP,
20250324_221854,16,PPP,"only 1 cube value left, higher than 100 and in profit",B,PPBBBB,380.5,PPBBBBBBPPBPPPPPBBBTPTBBPBBBBBBBPBPBB,
20250324_223138,11,PPP,"only 1 cube value left, higher than 100 and in profit",,BPBBBB,407.0,BPBBBBPBPBBBPPBPPBBBTBPBBPBPBPBTBB,
20250325_213852,24,BBB,Shoe finished,,PPPBPB,-751.5,PPPBTPBPPTTPBBPPBBBPBPPBBBPTPBPPBPPBPPBBPPBPBPBPPBBPPBBBBB,
20250326_203241,19,PPP,few cubes with bad streaks (2+ streaks),B,BBBPPB,227.0,BBBPPBTPBPTBBTBTPBPPPPBBBPBPPBBBTPPPBPTPPBBBPTTB,
20250326_211231,13,BBB,few cubes with bad streaks (2+ streaks),,PPBPPP,358.5,PPBPPPBPBPTBPBPBPPPPBTPPTBBPPBBBBPBBB,
20250327_212306,18,BBB,"only 1 cube value left, higher than 100 and in profit",,PBPPBP,427.5,PBPPBPBBBBBPPPPBBPBBPBTPPBPBTBPPPTBPPPBPPPPP,
20250327_214250,18,BBB,few cubes with bad streaks (2+ streaks),,PBPBPP,309.5,PBPBPPPBPBBPBBBBBPBPBBPPBPPPPPBPBBPPPBPPPBBBBPPBBP,
20250327_215338,9,PPP,"only 1 cube value left, higher than 100 and in profit",,PBBBPB,424.5,PBBBPBBBPPTBPBBTBBBBBBBPPBBB,
20250327_221631,21,PPP,"decent profit with many bad streaks (150+, 3 streaks)",,BBBPBP,203.0,BBBPBPPPPBBPPTPPPTBBPBTPPTBTPBPBPBBPTBBPPBPTPPPBPBPB,
20250327_224415,27,PPP,few cubes with bad streaks (2+ streaks),,BPBPBB,130.0,BPTBPBBBPBPBPBPBPPBBPBPPBBPPPBPBBPBBPPPBBBBPBPBBBBBTPBPTBB,
20250327_225459,10,PPP,"only 1 cube value left, higher than 100 and in profit",B,BPBBBB,409.0,BPBBBBTPPBBBPTBBBBBBPPBPBTBTBPBB,
20250327_231542,18,BBB,"only 1 cube value left, higher than 100 and in profit",,PBBPPP,422.0,TPBBPPPBPBBBBPPBBPBPBPTBPPPBBPTPBBPPPPPP,
20250327_233013,14,BBB,"only 1 cube value left, higher than 100 and in profit",,BPPPPP,440.0,BPPPTPPPPBPBPPPBBPBBTPPPPBPBPPPBBPPBPBPP,
20250328_000047,29,PPP,Shoe finished,,BBBPPB,-1217.5,BBBPPBBBBBBBBBBBBBBBBBBBBBBBBBBBBBBBBBBBBBBBBBBBBBBBBBBBBBBBBBBBBBBBBBBBBBBBBBBBBBBBBBBBBBBBBBBBBBBBBBBBBBBBBBBBBBBBBBBBBBBBBBBBBBBBBBBBBBBBBBBBBBBBBBBBBBBBPBPTPPBTTPBPPTPPPBBPBTBPPBPBBBBBPBBTTPBPBPTBPPBPPPBPPTPTPPBBBBPPP,
20250328_002337,22,PPP,"only 1 cube value left, higher than 100 and in profit",,BBBBPB,360.5,TBBBBPBTBBPTBPBPPPPBPPTBPBBPBTPBBBPPTTTBPPBTBPBPBTPPBB,
20250328_003740,12,PPP,"only 1 cube value left, higher than 100 and in profit",,BPBBBP,390.5,BPBBBPPTTBPBPPTBBBBBTBPBPBPBTPBBBPBB,
20250328_010746,21,PPP,"only 1 cube value left, lower than 20",,PBBBBB,329.5,PBBBTBBPBPBTPPTBBPPBPBPPBPBPBTPPTPBBPTBBBBPBPBBBBBPBPB,
20250328_012517,17,BBB,"decent profit with many bad streaks (150+, 3 streaks)",,BBPPPP,151.0,BBPPPPTPPPBBPBBTPBPPBBBPBBBTBPPBBBBPBBBBBTBP,
20250328_014759,22,BBB,"decent profit with many bad streaks (150+, 3 streaks)",,BPPPPB,231.5,BPPPPBPBBBPPTTBBBTBPPBBPPBPBBPPTTBBPPBBBBBPBBPPBPBPBPTPBBBBPB,
20250328_021232,22,PPP,few cubes with bad streaks (2+ streaks),,PBBBBB,25.0,PBBBBBPPBBPPBBTBPBBBPPBPPPBBPPBPPBTPPPPPBBPBBPPPPPPPTPPB,
20250328_022716,13,PPP,"only 1 cube value left, higher than 100 and in profit",,BBPBPB,392.5,BBPBTPBPPBPBPPBPPBBPBBBPBPPBBBBBBB,
20250328_023904,7,BBB,"only 1 cube value left, higher than 100 and in profit",,PBPPPB,420.0,PBPPPTBPBPTPPPTPPPPPPPP,
20250328_025920,17,PPP,few cubes with bad streaks (2+ streaks),,BPBBPB,294.0,BPBBPBBBPPBPPPBTPBBBPBBPPPBTBPPBBBBPBBPBBBPBB,
20250328_032120,13,BBB,"only 1 cube value left, higher than 100 and in profit",,PPPPPB,430.0,PPPPPBPBBPPPBBPPPBBPBPPPBTPPPBPBTPBPP,
20250328_035532,32,PPP,"only 1 cube value left, higher than 100 and in profit",,PBBBBB,135.5,PBBBBBBPBBBBBBPPPPPBBBPBPPBPPPBBBTPBPPPBBBPPPPPBPPBTBBPPTPPBPPPTPPPPPB,
20250328_042245,26,BBB,Shoe finished,,PPPPBP,-595.0,PPPPBPBBBPPPPBBPTBPBBBPPBBBPPBPPBBPPBBBPBBTPBBBTBBPBBTPPPBPTPBBPB,
20250328_043723,10,PPP,"only 1 cube value left, lower than 20",,PBBBBB,367.0,PBBBBBPBBPBBBPTBTBBPTBPTPBBPBBBB,
20250328_045336,15,PPP,"only 1 cube value left, higher than 100 and in profit",,PBBBPB,391.5,PBBBTPBBPPBPBPPBPTBBBBPPPPBBPBPBBBPPBBTBBBB,
20250328_052349,25,PPP,few cubes with bad streaks (2+ streaks),,BPBPBB,36.0,BPBPBBBPBTBBBPBPPPBPBPPBPPPBPPBBPPBBPBPBBPBBPPTBPPPPTPPPPPBBBP,
20250328_053924,14,BBB,"only 1 cube value left, higher than 100 and in profit",,PPPBBP,437.0,PPPBBPBPBPTBPPBPTBPBPPPBPBPPBBBBBBPBP,
20250329_212849,27,PPP,Shoe finished,,BBPBPB,-1793.0,BBPTBPBPBPBBTPBBPPBPPPTPBBBBPBPPPBPBTPPPBPPBPBPBBBBPBPPTPBBPPTPBPPBTPBPP,
20250329_214512,14,BBB,few cubes with bad streaks (2+ streaks),,PPPBPB,341.5,PPPBPBPBPBPPPBBPPPPPTBPBBBBPPBBBBBPPBP,
20250329_215840,12,BBB,"only 1 cube value left, higher than 100 and in profit",,PPPBPP,427.5,PPPBPTPBBBBPPPPPPPPBBPPBPPPPBPTPBBPP,
20250329_221422,15,PPP,"only 1 cube value left, higher than 100 and in profit",,BBPBPB,375.5,BBPBPBPBPBPBBPBBBPBPBBBPPBPBBPPBBBPPPPBP,
20250329_222048,5,BBB,"contradicting bias (BBB mode, 83.3% banker wins)",,PPPBPB,166.0,PPPBPBTBTBBBBBBBBPBP,
20250329_223850,17,PPP,"only 1 cube value left, higher than 100 and in profit",,BPBPBB,367.5,BPBPBBBPPPPBBBBPBPPBBBPBPPPBBPPBPBTBBBBPBBPBB,
20250329_225706,17,PPP,"only 1 cube value left, higher than 100 and in profit",,PBBBPB,368.5,PBBBPBTPBPPBTTBPBTBBPTPBPPBTBBBTBBBPBTTPPBB,
20250329_231332,14,BBB,"contradicting bias (BBB mode, 89.7% banker wins)",,BBPPPP,180.0,BBPPTPPBBBBBBBBBBBBBBBBBBBBBBBBBBBBBBBBBBBBBBBBBBBBBBBBBBBBBBBBBBBBBBBBBBBBBBBBBBBBBBBBBBBBBBBBBBBBBBBBBBBBBBBBBBBBBBBBBBBBBBBBBBBBBBBBBBBBBBBBBBBBBBBBBBBBBPPBPPTPBPPTPBTPBBTBPPPBBPPPPPP,
20250329_233106,13,PPP,"only 1 cube value left, higher than 100 and in profit",,PBBBBP,393.5,PTBBBBPBTBBPBPBBPBBBTBPTBPTBPBPBPPPPBPB,
20250330_132840,18,PPP,few cubes with bad streaks (2+ streaks),,BBBPPB,232.5,BBBPPBTPBPPBBPBBTPPTPPPBPPPPBPPBBBBPPBBPPPBPPBBBB,
20250330_135453,20,BBB,few cubes with bad streaks (2+ streaks),,BPPPPB,300.5,BPPPPBPPPBPBPPBBPPBBBPBBPPBBPTBBTPTBPPBPTBPBPBTPPTPBBBB,
20250330_141127,16,BBB,"only 1 cube value left, higher than 100 and in profit",,PBPPPB,430.0,PBPPPBPBPBPTPPPPPPPBBBPPPBBPBPPPBPBBPBPPP,
20250330_152718,9,Banker Only,Second shoe exit: Only 1 cube left,B,,243.0,,BBBBPBPPBBPBBPPBB
20250330_154719,12,Banker Only,Second shoe exit: Only 1 cube left,B,,386.0,,BBBBPBPBPTPBBBPPBPBB
20250330_165214,4,PPP,Second shoe exit condition met,B,,351.0,,PBBBBBBBBBB
20250330_170151,5,PPP,Second shoe exit condition met,B,,234.5,,BBBBPPPPPPBP
20250330_171412,10,PPP,Second shoe exit condition met,B,,-202.0,,BPBPBBPPBBPPBPPBPPBPBPBTPBBT
20250330_172254,5,PPP,Second shoe exit condition met,B,,302.0,,BTBBBPBBBBBBPBTBTBPB
20250330_173923,11,PPP,Second shoe exit condition met,B,,437.0,,BBBBPBPPBBPBPBBB
20250330_174801,7,PPP,Second shoe exit condition met,B,,242.0,,PBBBBTBTBPPBBBB
20250330_194147,12,BBB,"decent profit with many bad streaks (150+, 3 streaks)",,PPPBBP,201.25,PTPPBBPPPPPPPBBBPTBPBPPBBPPPBBBPBBBBP,
20250330_205631,15,PPP,"only 1 cube value left, higher than 100 and in profit",,BBBPPB,372.5,BBBPPBBBBPBBPBTPPTBPBBBBBTBBPPPBPBBBBPTBBBB,
20250330_211417,17,PPP,few cubes with bad streaks (2+ streaks),,BBBBPP,280.0,BBBBPPBBPPBBPPTBPBPBTPBPPPBTPBPBTBPPPBBBTPBTBBB,
20250330_214459,30,PPP,Shoe finished,,BPBBBB,-1182.0,BPBBBBTBPPPPPTBBTPPPPPBPPPPPBBPPPPPBBBPPPBBPTPPPPPPBTBPPPPPPBTPBPPBTPB,
20250330_221634,29,BBB,Shoe finished,P,BBPPPP,-3104.5,BBPPPPTTBPBPPBPPBPBPPBPBBBPBPBBPPPBTPBPBBPBPPBBBPBPPPBBBTBBBBBBPPBBTPBBTBP,
20250331_210409,17,BBB,"only 1 cube value left, higher than 100 and in profit",P,PPBPBP,430.0,PPBPBPPPBBBPPPBPPPBPPBBPBTPPBTPBBPPBBPPPPPBTPP,
20250331_211432,9,PPP,"only 1 cube value left, lower than 20",,BBBPBB,377.0,BBBPBBBBBPPBBBBTBBBBBPPPPBPB,
20250331_213433,17,PPP,"only 1 cube value left, higher than 100 and in profit",B,BBBPPB,370.5,BBBPPBBBPBPPPBBBBBBBBBPTBBPPTBTPBPBPBPBBPPBPBPBB,
20250331_215656,16,BBB,few cubes with bad streaks (2+ streaks),,BPPPPP,330.5,BPPPPPTBTBPBPBBBBPPPPBPPPPBBBPBTPBPPBBPPPPTP,
20250402_092109,15,BBB,"contradicting bias (BBB mode, 60.0% banker wins)",,BPBPPP,273.5,TBPBPPPBPBPBBBBPTBBPPTPBBPTPBPBPPBTBTBBPBB,
20250402_094248,18,PPP,few cubes with bad streaks (2+ streaks),,BBBBBP,253.0,BBBBBPBPPBBBTBTPPBBBBPPPTPTPPBTBPPBPBTTBTPPTPP,
20250402_101127,22,BBB,few cubes with bad streaks (2+ streaks),,PPPPBB,317.0,PPPPBBTPBBBPBPBBBBPBPPTPBPBPBPPBBPBBPBTPBBPBPPPTBPPPBPP,
20250402_104658,30,PPP,Shoe finished,,PBBBPB,-1074.5,PBTBBPBBTBPBPPPBPBTPBPPBBPPBBBBPPPBPBPPTPPBTPPBBBPBPPBBTBBPPTBPPBPBPPP,
20250402_110620,14,PPP,few cubes with bad streaks (2+ streaks),,BPBBPB,334.5,BPTBBPBPPPTPBBPBBPBPBBPTPPPPBBPTPBBBBB,
20250402_112541,16,BBB,few cubes with bad streaks (2+ streaks),,PBPPBP,346.0,PBPPBPPTPBBPPPPBPPBBPTBBBPBBTBBTBTBBPBPBPP,
20250402_113659,10,BBB,"only 1 cube value left, lower than 20",,BPBPPP,410.0,BPBPTPPBBPPBPPTBBPBPPPBPPPPPP,
20250402_120329,25,BBB,"decent profit with many bad streaks (150+, 3 streaks)",P,PBBPPP,187.0,PBBPPPBPBPBBPTPPBBBBPPBTTTBBBPBPPBPTPBBPPPBBBPBPPPPBTTPTBP,
20250402_122231,16,BBB,"only 1 cube value left, higher than 100 and in profit",,BBPPPP,425.0,BBPPPPPTTBPPTPBBPPBBPBPBPPPTPBPPBPBBBBBBPB,
20250402_123604,12,PPP,few cubes with bad streaks (2+ streaks),,PPBBBB,327.5,PPBBBBBPPBPPBBBBBPBPPBBBPPPPTTBPPPTBB,
20250402_124948,12,BBB,"only 1 cube value left, higher than 100 and in profit",P,PPPPBP,440.0,TPPPPBPBPBPPPPBPTPBBPBPPPPPBTBPBBPPP,
20250402_132753,37,PPP,Shoe finished,,BPBBBP,-869.5,BPBBBPPPBTTPPPBBTPTTBPPPBPPPPBPPBPPPTBPBPPPPPBPPPPPPBTPBPPTBPBPBPBPBPPBBB,
20250402_133328,4,BBB,"contradicting bias (BBB mode, 80.0% banker wins)",P,BPPPPP,220.5,BPPPPPBBBBBBPBPB,
20250402_140321,29,BBB,Shoe finished,,BPPPPB,-1610.0,BTPPPPBPPBBPBBBPTBPPBBBBPBBBPBBBTPTPTPTBPBBBPPPPBBPPBBBPBBBPBPTBBPPPBB,
20250402_170332,15,PPP,max drawdown reached (-4000),B,,-4800.5,,PBPTBBBBTBPPBPPPPPBPB
20250402_204125,16,BBB,"only 1 cube value left, higher than 100 and in profit",,PBPPPP,425.0,PBPPPPPPPPBBTPPBPTBBPPBPBBPBBTBPPBPPPPPP,
20250402_210624,12,PPP,"only 1 cube value left, lower than 20",,PBBBBB,378.0,PBBBBBPBPBPBBBBBPPBPPPBTPBPBPBBPBBPB,
20250211_095412,BBB,"decent profit with many bad streaks (150+, 3 streaks)",P,PPPPBP,215.0,PPPPBPBPBPTPBBBTTTBTPBBBPPBTPBTBPBTPBBBBBBPPPBTBPBBPPBPP,
20250211_102431,PPP,"too many early ties (<12 bets, 3 ties)",B,BBPBBB,223.5,TBBPBBBBBPPBPBTBBPBTBBT,
20250211_103635,PPP,quick profit (200+ in 5 min),B,BPBBBP,216.5,BPBTBBPBBBBTPBB,
20250211_105142,BBB,good profit (250+ in 10 min),,PPPBPB,270,PPPBPBBPBPPBBPBPPPPP,
20250211_111541,PPP,excellent profit (300+),,BBBPBB,327.0,BBBPBBTBBBBPBBPBTPPBBPPBBPPBBPPBBPPBBPBB,
20250211_114547,PPP,Shoe finished,,BBBBBP,-1094.5,BBBBBPPPBTPPPBBBBBPBBPBBTBPBTTTPBPPPBPBPPPPBTPBBPTPPPPPBBBBPBBPBP,
20250211_121900,BBB,profitable with too many bad streaks (4 streaks),,PPPPBP,47.5,PPPPBPBBPPPBTPBBBBBBPBPPBBBPPPBBPBBBBPBBBBBPB,
20250211_133412,BBB,profitable with too many bad streaks (4 streaks),P,BPPPBP,18.5,BPPPBPPBBPBPPPBTPBPPBBTBPBPPPBBTPTBPPBTBBBPTPBBBBBPPBBTBB,
20250211_134901,BBB,"decent profit with many bad streaks (150+, 3 streaks)",,PBBBPB,206.0,PBBBPBPTPBPPPPBBPBBBPBBTTBBPBPPBPBPP,
20250211_141512,BBB,"decent profit with many bad streaks (150+, 3 streaks)",P,PBBPPP,171.5,PBBPPPPPPBBBPBBBPBPPPTPBPBPTBBPBPBBPPBPPPTPBPTPPBPBBTTBBBB,
20250211_143652,BBB,excellent profit (300+),P,PBBPPP,376.5,PBBPPPPPPBPBBPPBBPBPPBPPBPPBBPBBPBPPBPBBTBBBPPBPP,
20250211_144806,BBB,"decent profit with bad streaks (150+ in 10 min, 2 streaks)",,PPPBPP,194.0,PPPBPPBPPBPTPBBBBBBBBPBBB,
20250211_153358,PPP,quick profit (200+ in 5 min),,PBBBBB,223.0,PBBBBBPBBBPBPBTBTBBB,
20250211_154059,BBB,good profit (250+ in 10 min),,BBPPPP,280.0,BBPPPPBBBPBPPPTPBPPBPTPPP,
20250211_160003,BBB,excellent profit (300+),,BBPPPP,310.0,BBPPPPBPBBPBPBPBPBBBBBPBBPBTBPBPPBPBPPPPBPPBPP,
20250211_162053,PPP,"decent profit with bad streaks (150+ in 10 min, 2 streaks)",,PBBBBB,161.5,PBBBTBBBBBTBPPPPPPBPPPTBTPPPB,
20250211_164357,PPP,excellent profit (300+),,PBBBBP,314.5,TPBBBBPBBBPBBBPBPPPPBBPPPBBPBPPBPBPBPTBBBBPBPBB,
20250211_175224,BBB,"decent profit with many bad streaks (150+, 3 streaks)",P,BPPPPP,190.5,BPPPPPPPTTBBBBPBBBTBBPTBPPBPTBPBBPPBPPBBTBBP,
20250211_202615,PPP,"decent profit with many bad streaks (150+, 3 streaks)",B,BPBBBB,215.0,BPBBBBTBBBPPBBPBPPPBBTPTPTBBBTPBBBPBPBPPPPBBBTPPPBBPPBPBBB,
20250211_203914,PPP,"decent profit with many bad streaks (150+, 3 streaks)",,PPBBBB,197.0,PPBBBBPBPBBPPPTBPBPBPBTPPPPBPBPPP,
20250211_205042,BBB,quick profit (200+ in 5 min),P,PPPPPB,230.0,PPPPTPBPPTBPPPPP,
20250211_205904,BBB,quick profit (200+ in 5 min),P,PPPBBP,230.0,PPPBBPBBPBPTPPPPP,
20250211_211504,BBB,excellent profit (300+),P,BPBPPP,330.0,BTPBPPPBPBPBBPBBPTBPPPBPBTBPBBPPPBPBTPPP,
20250212_192837,BBB,"decent profit with bad streaks (150+ in 10 min, 2 streaks)",P,PPPPBP,165.0,PPPPBPBBBBBBBBBBBBBBBPPTBBBPPPPBBPPTPP,
20250212_195033,PPP,excellent profit (300+),B,BBPBBB,315.5,BBPBBBPPPBPBTBBPBBBPBBTBPPBPPBBPPBBPBBPBPPBBPPPPPPTP,
20250212_195141,BBB,"only 1 cube value left, lower than 10 or higher than 100 detected",,PPPBPB,-50,PPPBPBPBB,
20250212_195850,BBB,good profit (250+ in 10 min),,PPPBPB,255.0,PPPBPBPBBPBBBBPBPPTPPBPPP,
20250212_201556,PPP,excellent profit (300+),,BBPBBB,330.5,BBPBBBTBBBPPBBPBPTBTBBPPPBPPPPBPBP,
20250212_203801,PPP,excellent profit (300+),,BBBBPP,331.0,BBBBPPBPPPBPPBPBBBPBTPBBBBPPBTPBPPTPPPPBBTBBBPBBTTB,
20250212_205027,BBB,excellent profit (300+),P,PPPBBP,340.0,PPPBBPBPBTPBPBPBBTPBPPPPPBBPTTBPPPP,
20250214_193310,BBB,good profit (250+ in 10 min),,PBBPPP,260.0,PBBTPPPPBPTBBPPPPPPBPP,
20250214_193715,PPP,quick profit (200+ in 5 min),,BBBBBP,209.0,BBBTBBPTBBBBBTBBBBB,
20250214_195225,PPP,excellent profit (300+),,BBBPBB,323.5,BBBPBBBBPTPPBBBBPTBPBBBPPTTPPBPBPBBPTBB,
20250214_195553,BBB,quick profit (200+ in 5 min),,PPPPBP,220,PPPPTBPPBBPTPPPPP,
20250214_201235,BBB,profitable with too many bad streaks (4 streaks),,PPPPBP,67.5,TPPPPBPBBBPPPPBPPPBBBTBBBPTBBBPBBBTPBPPPBPP,
20250214_202149,BBB,good profit (250+ in 10 min),,PBPPPP,267.5,PBPPPPBBTTBPBPPBPBBPPBPPPBBPTPP,
20250214_202555,BBB,"too many early ties (<6 bets, 2 ties)",,BBPPPP,60.0,TBBPPPPBBPTPBT,
20250214_205531,PPP,Shoe finished,,PBBBPB,-489.0,PBBBPBPPPBBPBBBPPBTTBPTPPBPBPPPBBBPPPPPBBBTBPPPBTPTBTBBBBTBBBBTBBPBB,
20250214_210224,BBB,"too many early ties (<6 bets, 2 ties)",P,BPPPPP,110.0,BPPPPPBBTPBPPT,
20250214_211148,BBB,"decent profit with bad streaks (150+ in 10 min, 2 streaks)",P,PBPPPB,167.5,PBPPPBBBBTBBPBPBBBBTBBPPB,
20250214_214521,BBB,Shoe finished,,BPPPPB,-370.5,BPPPPBPPPPBBBPBPPBPPPPBBBPBPPBPPBPPBBBPBBPBBBTPPPPBBBPBTTTPBPTPPTBPTPP,
20250214_220012,BBB,good profit (250+ in 10 min),P,PBPPPP,270,PBPPPPPBPPPPPBBPBPBPPBPP,
20250214_220555,BBB,"too many early ties (<12 bets, 3 ties)",,BPPPPB,20.0,BPPPPBPBPPBPTBPBTTP,
20250214_221001,PPP,quick profit (200+ in 5 min),B,BBBBPB,216.5,BBBBPBPBBPBBBB,
20250214_221923,PPP,good profit (250+ in 10 min),,PBBBBP,261.0,PBBBBPPBTPBPBBTBBBB,
20250215_222545,PPP,Shoe finished,,BBBPBP,-422.0,BBBPBTPPPBBPBBPBBBPPPBPBBPBBBTBBPPPBBBTPBBTPPBPTTPPPPBBBPBPBPBBPPBPBBP,
20250215_225513,PPP,"only 1 cube value left, lower than 10 or higher than 100 detected",,BBBPPB,390.5,BBTBPPBBPBBBPBBPBPBBBPTPBBBBPPBBPTPBBPPBBB,
20250216_134602,BBB,Shoe finished,,PPPBPP,-340.0,PPPBTPPPBBBBBBBPPPBPPBPBBPPBPTBBPBBPPPPPPBTBBBBBBPBPTPBBPBPBPPTBTPP,
20250216_140426,PPP,"contradicting bias (PPP mode, 60.7% player wins)",B,PBPBBB,53.5,PBPTBBBBBPBBPTPPPPBPPPPBBPPPBBPPPPBTB,
20250216_152811,BBB,excellent profit (300+),P,PPPPBP,330.0,PPPPBPBPBBPPBPPBBBPPPPTPPPPBBPBPBPPP,
20250216_165246,BBB,good profit (250+ in 10 min),,PPPBBP,294.0,PPPBBPBPPPPBPPBBBBTTPBBPPTPTBPP,
20250216_172016,BBB,large cube values with few cubes,P,PPBPPP,-50,PPBPPPPBB,
20250216_183337,PPP,"decent profit with many bad streaks (150+, 3 streaks)",,PBBBBB,159.5,PBBBBBBBBPBBBBPBBTPPPBPPPBBBBPBPPBPPPPBPBBPPBPBPTPBPBBBB,
20250216_184733,BBB,excellent profit (300+),P,BPPPBP,316.5,BTPPPBPBBPPPPBPTPBBBBPPBPBPBPBBPBBPPPPPP,
20250216_185125,BBB,"too many early ties (<6 bets, 2 ties)",P,PPBPPP,10.0,PPBPPPPBBPPBTPBTBP,
20250216_191435,BBB,Shoe finished,P,BPPPPB,-242.0,BPPPPBPPTBPBBBBBPBBTPPBBBPPBPBBPBPBBBPPBPBTPBPBPPBBPBBPPBPBP,
20250216_211619,PPP,"decent profit with many bad streaks (150+, 3 streaks)",,BBBPPB,165.0,BBBTPPBTTBPBBTPBPTPBBBPPBPPBPPPPPPPPBBTPPPBPPTBPPPBBP,
20250216_214341,BBB,excellent profit (300+),P,PBPPPP,320.0,PBPTPPPPPBPPPPBBBPPPPPBBPBPBTBPPBBBPPPPPPPPPBPPP,
20250216_214722,PPP,quick profit (200+ in 5 min),,BBPBBB,216.5,BBPBBBBBPBBBBPBBB,
20250216_220115,BBB,good profit (250+ in 10 min),P,PBBPPP,296.5,PBBPPPPBPPTPPBBBPPPPBPBTPPPTP,
20250216_221059,BBB,good profit (250+ in 10 min),,PPPBPP,260.5,PPPBPPPBBPPPBBBBBPPBPBBPBPPP,
20250216_224410,PPP,"decent profit with many bad streaks (150+, 3 streaks)",,BPBPBB,188.0,BPBPBBBBBPBPBBPBBPPBPPPBTTTPPBPBPPBTPPBPPBBPPPPPPBBPBBBPTPPTPPBPBBBBBB,
20250216_225423,BBB,good profit (250+ in 10 min),P,BPPPPP,260.0,BPPPPPPBBPPPBPBBPPPTPPBBPP,
20250216_225812,PPP,"too many early ties (<6 bets, 2 ties)",,BPBPBB,4.5,BPBTPBBBBBPBPTBPT,
20250217_102447,BBB,excellent profit (300+),P,PBBPPP,301.0,PBBPPPBBPBPBPBBBPBBPBBPBPPPTTBPPPPBPBP,
20250217_103635,BBB,profitable with too many bad streaks (4 streaks),,PPBPPP,7.0,PPBPPPBPTPTTPPBBBPPPBTBBBPBBBPBPBBB,
20250217_110502,BBB,large cube values with few cubes,P,PPBPBP,-293.5,PPBPBPBPPBBPTPPBPBPTBBPBPBPPPBBBBBPBPBBBTPBPPBBPBPBBPTPBTPB,
20250217_113145,BBB,"decent profit with many bad streaks (150+, 3 streaks)",P,PPPBPP,151.5,PPPTBPPBPPBBBPPBPPBPPBBPBPBTBPPBBBPPBBTTBBPPBPTBPP,
20250217_113739,PPP,quick profit (200+ in 5 min),,BBBPBP,201.5,BBBTPBPPBPPBTBBPBBB,
20250217_114059,PPP,"too many early ties (<6 bets, 2 ties)",,BPBBPB,93.0,BPTBBPBTBPTBBBBBPTT,
20250217_120853,BBB,Shoe finished,P,BPPPBP,-1242.5,BPPPBPPBTBBBBBBTBPPPPTPPPBPPBBBBBBPPPBBBPBPBPBBPPBPBPBBBBPPPPTTPBB,
20250217_122607,BBB,profitable with too many bad streaks (4 streaks),,BPPPPB,73.0,BPPPPBBTBPBBBTBPPBPTBBBPTPBPPBBBBPBBBBBPBBBPB,
20250217_125446,PPP,excellent profit (300+),,BBBBPB,345.5,BBBBPBTPBBBBBPPPBPBPBBBPBBTTBPBPPPPPPPPBPPBPBPBBBPBPBPPBBBBTBB,
20250217_130019,BBB,"too many early ties (<6 bets, 2 ties)",,PPPPPB,10.0,PPTPPPBBTPTTPBTBP,
20250217_130628,BBB,quick profit (200+ in 5 min),P,PPPPBP,200.0,PPPPBPBPBPBPTPPP,
20250217_133507,BBB,profitable with too many bad streaks (4 streaks),P,PPPBBP,41.5,PPPBBPTTPBBTBPBBTBPPBPPBBBPPBPPBBPPPTPPBTTBBBPB,
20250217_135734,BBB,profitable with too many bad streaks (4 streaks),P,BPPPPB,63.0,BPPPPBBBPPPBBBPBPTBPPBPPBTBBPBBBBBBBBBPPBPPTBPBPBTPPP,
20250217_140749,BBB,"decent profit with bad streaks (150+ in 10 min, 2 streaks)",,PPPPBB,197.5,PPPTPBBBBPBTBBPPPPPPPBTPPP,
20250217_165819,BBB,"too many early ties (<6 bets, 2 ties)",P,BPPPPP,7.5,BPPPPTPBPBBBTBBBTP,
20250217_172013,BBB,"only 1 cube value left, lower than 10 or higher than 100 detected",P,PPPPPB,394.0,PPTPPPBBBTBBPPPBTPPBBBBBBBBBBBBBBBBBPBPPBPPPPBPTBBPBPBPBPBBPP,
20250217_172503,BBB,quick profit (200+ in 5 min),P,BPPPPB,200,BPPPPBBPBPPPBBPPPP,
20250217_173459,BBB,"decent profit with bad streaks (150+ in 10 min, 2 streaks)",,PBPPPP,172.5,PBPPPPBBBPBPPBPBPBBBBBPPBTBBBPTP,
20250217_175408,PPP,excellent profit (300+),,BBBBPB,316.0,BBBBPBPBPPBPBPTBBBTBPPPBBBPBPBBPTPBBBBTBBPBPBPBBTPB,
20250217_191558,BBB,excellent profit (300+),P,BBPPPP,315.5,BBPPPPPBBPBTPPBPPPPTBBTPBBBBBBPPPPBPPBTPBBBBPPPPPP,
20250217_192812,BBB,quick profit (200+ in 5 min),P,PPBPPP,223.0,PPBPPPPBTBPBBBBPBPBPTP,
20250217_193953,BBB,excellent profit (300+),P,BPPPBP,316.5,BPPPBTPTPTPPBBPBPPPBPPPBPBBBBPPPPPP,
20250217_195007,PPP,"too many early ties (<6 bets, 2 ties)",,PBBBBP,54.5,PBBBBPBPTBPBT,
20250217_195659,PPP,quick profit (200+ in 5 min),,PBBBBB,214.0,PBBBBBBBPPBBBBBPBB,
20250217_200318,PPP,Shoe finished,B,PPBBBB,0,PPBBBBPPBPPB,
20250217_202052,BBB,quick profit (200+ in 5 min),P,PBBPPP,230,PBBPPPBBPPBPPPP,
20250217_202512,BBB,"too many early ties (<6 bets, 2 ties)",P,PBPBPP,10.0,PBPTBPPBPPBTBTP,
20250217_205417,BBB,Shoe finished,P,PBPPPP,-1270.5,PBPPPPTTBPTPBPBTPBPBTBBPTPTBBBPBBTBPBBBPPTBPBBBBPPBPBPPPBPPBBTB,
20250217_222115,BBB,Shoe finished,,BPBPPP,-3335.5,BPBPPPBPBPPPBBBPBBTBBBBTBBPBBPBPTTPBTBBPBPBPPBBBPPBBBBPBBPPTPPPBBBBBPBP,
20250219_213226,PPP,"only 1 cube value left, lower than 10 or higher than 100 detected",,BBPBBB,233.0,BBPBBBTTPPBBBB,
20250219_214449,PPP,max drawdown reached (-4000),,BBBBPB,-4086.0,BBBBPBBBPPBPPPBPBPPPTPBPTBPPBPPBBPPP,
20250221_212858,BBB,"contradicting bias (BBB mode, 66.7% banker wins)",,PPPPBP,175.5,TPPPPBPBPBBBBPBP,
20250221_222830,BBB,"decent profit with many bad streaks (150+, 3 streaks)",P,BPPPBP,289.0,BPPPBPBPTBBBBPPBPBBPTBPPPBPBPBPBTBPPPBBBPPBBBPPPPBPPTBPPBPP,
20250221_223913,BBB,"contradicting bias (BBB mode, 60.0% banker wins)",P,PBPPPP,162.0,PBPPPPPBTBTBBPBPBP,
20250221_224900,BBB,"only 1 cube value left, lower than 20",,PBPBPP,400.0,PBPTBPPTBPPPBTPPTPPPPPPP,
20250221_230623,PPP,"only 1 cube value left, lower than 20",,PPBBBB,398.0,PPBBBBBBBBBPPPPBPBPBBPBB,
20250221_233302,BBB,few cubes with bad streaks (2+ streaks),,BPPPPB,-48.0,BPPPPBPBBBBPPBPBBBPPPPBPBPBBPPBBPTBPPBPPPTBPPBBPBPBBPBTBPPBPBBTBBP,
20250221_234727,BBB,"decent profit with many bad streaks (150+, 3 streaks)",P,PBPPPP,174.0,PBPPPTPPBBBBBBBBBBBBBBBBBBBBBBBBBBBBBBBBBBBBBBBBBBBBBBBBBBBBBBBBBBBBBBBBBBBBBBBBBBBBBBBBBBBBBBBBBBBBBBBBBBBBBBBBBBBBBBBBBBBBBBBBBBBBBBBBBBBBBBBBBBBBBBBBBBBBPPBBBPBBPPPBBTBBPPPBBTBBBBPPTBP,
20250222_001237,PPP,"only 1 cube value left, higher than 100 and in profit",,BPBBPB,358.5,BPBBPBBPBPBPBBBPBBTPTPBBPPBPTBBPBPTBBPBPBPPPBBBBTTBB,
20250222_003930,BBB,Shoe finished,P,PBBPPP,-1019.0,PBBTPPPPPPBTPBBPBPPPBPPBBTBBPTBBBTPPBPBPBBBPBTPPPBPPBBBBBBBBBBBPBBP,
20250222_102553,PPP,few cubes with bad streaks (2+ streaks),,PBBBPB,360.0,PBBBPBBBPBBBPPPBTPBPBTBPTBPPPPBPBBPBPBBB,
20250222_110103,BBB,Shoe finished,P,BPBPPP,-1372.0,BPBPPPBPBBBTBPBBBBPBBPBTBTPPPPTPBBBPBBBTTPPBBBPBPPBPPBBBBPPBPBPBBPP,
20250222_113949,PPP,Shoe finished,,BBPBBB,-2201.5,BBPBBBPTPBPPPPPBBPTPBPBTPTBBTBBPPBBPBBBPBPPTBTPBPPPBPBPBPPPBBPPBPPPT,
20250223_195811,PPP,only 1 cube left or in profit,,BPBBB,38.0,BPBBB,